Fuel,AnnualSum
CT_NG,471164.71918582707
ME_NG,471164.7191858281
MA_NG,339238.5978137962
None,0.0
