Status,Solve,Objval
OPTIMAL,20.42407202720642,2.1059615254166046e10
