{
    "natgas_MA": 0.05306,
    "natgas_CT": 0.05306,
    "natgas_ME": 0.05306
}