Region,Resource,Zone,Cluster,AnnualSum
MA,MA_natural_gas_combined_cycle,1,1,3.636111070807231e8
CT,CT_natural_gas_combined_cycle,2,1,5.757254446241223e8
ME,ME_natural_gas_combined_cycle,3,1,2.822348872995818e8
MA,MA_solar_pv,1,1,3.787214238313295e9
CT,CT_onshore_wind,2,1,3.6373219367100513e8
CT,CT_solar_pv,2,1,7.051520094265941e9
ME,ME_onshore_wind,3,1,1.8856378881043012e9
MA,MA_battery,1,0,3.453289924338534e9
CT,CT_battery,2,0,9.195260867720518e9
ME,ME_battery,3,0,1.4000910086188653e9
