Fuel,AnnualSum
CT_NG,471164.71918582695
ME_NG,471164.71918582893
MA_NG,339238.59781379515
None,0.0
