Status,Solve,Objval
OPTIMAL,20.558252811431885,2.1059615254166065e10
