Fuel,AnnualSum
CT_NG,471164.71918582736
ME_NG,471164.7191858274
MA_NG,339238.5978137957
None,0.0
