Status,Solve,Objval
OPTIMAL,0.5298550128936768,1.9028433754561867e10
